ClbQ_vina_results,,,,ClbP_vina_results,,
Compound,139.pdbqt_log.txt:,-9.838,,Paulownin.pdbqt_log.log.txt:,,-9.97
Compound,367.pdbqt_log.txt:,-9.76,,Compound,108.pdbqt_log.log.txt:,-9.947
Compound,257.pdbqt_log.txt:,-9.716,,Compound,370.pdbqt_log.log.txt:,-9.873
Compound,436.pdbqt_log.txt:,-9.704,,Compound,391.pdbqt_log.log.txt:,-9.868
Compound,391.pdbqt_log.txt:,-9.617,,Compound,260.pdbqt_log.log.txt:,-9.856
Compound,184.pdbqt_log.txt:,-9.601,,Compound,545.pdbqt_log.log.txt:,-9.825
Compound,69.pdbqt_log.txt:,-9.54,,Compound,332.pdbqt_log.log.txt:,-9.807
Compound,42.pdbqt_log.txt:,-9.488,,Compound,406.pdbqt_log.log.txt:,-9.691
Compound,58.pdbqt_log.txt:,-9.48,,Genkwanin.pdbqt_log.log.txt:,,-9.669
Compound,420.pdbqt_log.txt:,-9.466,,Compound,503.pdbqt_log.log.txt:,-9.668
Compound,332.pdbqt_log.txt:,-9.46,,Compound,414.pdbqt_log.log.txt:,-9.639
Compound,545.pdbqt_log.txt:,-9.46,,Compound,92.pdbqt_log.log.txt:,-9.627
Compound,226.pdbqt_log.txt:,-9.442,,Compound,252.pdbqt_log.log.txt:,-9.602
Compound,138.pdbqt_log.txt:,-9.435,,Compound,223.pdbqt_log.log.txt:,-9.592
Compound,357.pdbqt_log.txt:,-9.434,,Compound,298.pdbqt_log.log.txt:,-9.578
Compound,200.pdbqt_log.txt:,-9.394,,Compound,42.pdbqt_log.log.txt:,-9.57
Compound,409.pdbqt_log.txt:,-9.383,,Compound,436.pdbqt_log.log.txt:,-9.569
Compound,92.pdbqt_log.txt:,-9.383,,Compound,33.pdbqt_log.log.txt:,-9.552
Compound,369.pdbqt_log.txt:,-9.379,,Compound,531.pdbqt_log.log.txt:,-9.528
Compound,426.pdbqt_log.txt:,-9.378,,Compound,529.pdbqt_log.log.txt:,-9.527
Compound,228.pdbqt_log.txt:,-9.364,,Compound,447.pdbqt_log.log.txt:,-9.525
Compound,529.pdbqt_log.txt:,-9.362,,Compound,154.pdbqt_log.log.txt:,-9.51
Compound,236.pdbqt_log.txt:,-9.325,,Compound,5.pdbqt_log.log.txt:,-9.5
Compound,155.pdbqt_log.txt:,-9.31,,Compound,226.pdbqt_log.log.txt:,-9.485
Compound,503.pdbqt_log.txt:,-9.3,,Compound,325.pdbqt_log.log.txt:,-9.471
Compound,187.pdbqt_log.txt:,-9.296,,Compound,138.pdbqt_log.log.txt:,-9.469
Compound,290.pdbqt_log.txt:,-9.296,,Compound,208.pdbqt_log.log.txt:,-9.463
Compound,178.pdbqt_log.txt:,-9.295,,Compound,146.pdbqt_log.log.txt:,-9.46
Compound,410.pdbqt_log.txt:,-9.285,,Compound,386.pdbqt_log.log.txt:,-9.442
Compound,408.pdbqt_log.txt:,-9.272,,Compound,319.pdbqt_log.log.txt:,-9.438
Compound,254.pdbqt_log.txt:,-9.262,,Compound,43.pdbqt_log.log.txt:,-9.436
Compound,400.pdbqt_log.txt:,-9.259,,Compound,75.pdbqt_log.log.txt:,-9.43
Compound,5.pdbqt_log.txt:,-9.252,,Compound,195.pdbqt_log.log.txt:,-9.429
Compound,486.pdbqt_log.txt:,-9.247,,Compound,210.pdbqt_log.log.txt:,-9.397
Compound,298.pdbqt_log.txt:,-9.242,,Compound,280.pdbqt_log.log.txt:,-9.394
Compound,272.pdbqt_log.txt:,-9.234,,Compound,476.pdbqt_log.log.txt:,-9.393
Compound,218.pdbqt_log.txt:,-9.226,,Compound,482.pdbqt_log.log.txt:,-9.382
Compound,287.pdbqt_log.txt:,-9.222,,Compound,53.pdbqt_log.log.txt:,-9.351
Diosmetin.pdbqt_log.txt:,,-9.216,,Compound,308.pdbqt_log.log.txt:,-9.335
Compound,493.pdbqt_log.txt:,-9.212,,Diosmetin.pdbqt_log.log.txt:,,-9.32
Arctigenin.pdbqt_log.txt:,,-9.203,,Compound,102.pdbqt_log.log.txt:,-9.315
Genkwanin.pdbqt_log.txt:,,-9.2,,Compound,51.pdbqt_log.log.txt:,-9.31
Compound,154.pdbqt_log.txt:,-9.176,,Compound,228.pdbqt_log.log.txt:,-9.291
Cirsimaritin.pdbqt_log.txt:,,-9.174,,Compound,1.pdbqt_log.log.txt:,-9.282
Compound,483.pdbqt_log.txt:,-9.165,,Compound,272.pdbqt_log.log.txt:,-9.28
Compound,108.pdbqt_log.txt:,-9.161,,Cirsimaritin.pdbqt_log.log.txt:,,-9.27
Compound,146.pdbqt_log.txt:,-9.156,,Compound,142.pdbqt_log.log.txt:,-9.257
Compound,223.pdbqt_log.txt:,-9.155,,Compound,178.pdbqt_log.log.txt:,-9.251
Compound,158.pdbqt_log.txt:,-9.151,,Compound,200.pdbqt_log.log.txt:,-9.224
Compound,169.pdbqt_log.txt:,-9.137,,Compound,257.pdbqt_log.log.txt:,-9.216
Compound,386.pdbqt_log.txt:,-9.132,,Compound,357.pdbqt_log.log.txt:,-9.21
Compound,437.pdbqt_log.txt:,-9.116,,Compound,39.pdbqt_log.log.txt:,-9.199
Compound,53.pdbqt_log.txt:,-9.114,,Compound,48.pdbqt_log.log.txt:,-9.185
Compound,217.pdbqt_log.txt:,-9.101,,Compound,244.pdbqt_log.log.txt:,-9.182
Compound,319.pdbqt_log.txt:,-9.081,,Compound,158.pdbqt_log.log.txt:,-9.177
Compound,133.pdbqt_log.txt:,-9.076,,Compound,130.pdbqt_log.log.txt:,-9.169
Compound,370.pdbqt_log.txt:,-9.072,,Compound,520.pdbqt_log.log.txt:,-9.162
Compound,39.pdbqt_log.txt:,-9.069,,Compound,132.pdbqt_log.log.txt:,-9.137
Compound,260.pdbqt_log.txt:,-9.066,,Compound,278.pdbqt_log.log.txt:,-9.131
Compound,280.pdbqt_log.txt:,-9.059,,Compound,290.pdbqt_log.log.txt:,-9.122
Compound,210.pdbqt_log.txt:,-9.057,,Compound,331.pdbqt_log.log.txt:,-9.119
Compound,59.pdbqt_log.txt:,-9.054,,Compound,525.pdbqt_log.log.txt:,-9.095
Compound,244.pdbqt_log.txt:,-9.041,,Compound,169.pdbqt_log.log.txt:,-9.091
Compound,255.pdbqt_log.txt:,-9.018,,Compound,18.pdbqt_log.log.txt:,-9.052
Compound,531.pdbqt_log.txt:,-8.99,,Compound,133.pdbqt_log.log.txt:,-9.043
Compound,268.pdbqt_log.txt:,-8.977,,Compound,135.pdbqt_log.log.txt:,-9.037
Compound,61.pdbqt_log.txt:,-8.974,,Compound,519.pdbqt_log.log.txt:,-9.021
Compound,258.pdbqt_log.txt:,-8.973,,Compound,302.pdbqt_log.log.txt:,-9.018
Compound,163.pdbqt_log.txt:,-8.971,,Compound,254.pdbqt_log.log.txt:,-9.013
Pinobanksin.pdbqt_log.txt:,,-8.961,,Compound,61.pdbqt_log.log.txt:,-9
Compound,33.pdbqt_log.txt:,-8.958,,Compound,420.pdbqt_log.log.txt:,-8.991
Compound,1.pdbqt_log.txt:,-8.957,,Compound,491.pdbqt_log.log.txt:,-8.99
Mosloflavon.pdbqt_log.txt:,,-8.95,,Compound,3.pdbqt_log.log.txt:,-8.983
Compound,132.pdbqt_log.txt:,-8.946,,Compound,234.pdbqt_log.log.txt:,-8.977
Compound,106.pdbqt_log.txt:,-8.941,,Compound,258.pdbqt_log.log.txt:,-8.977
Compound,102.pdbqt_log.txt:,-8.941,,Compound,122.pdbqt_log.log.txt:,-8.959
Compound,46.pdbqt_log.txt:,-8.936,,Compound,163.pdbqt_log.log.txt:,-8.956
Compound,77.pdbqt_log.txt:,-8.931,,Compound,219.pdbqt_log.log.txt:,-8.95
Compound,34.pdbqt_log.txt:,-8.929,,Compound,37.pdbqt_log.log.txt:,-8.94
Compound,130.pdbqt_log.txt:,-8.924,,Compound,311.pdbqt_log.log.txt:,-8.927
Compound,482.pdbqt_log.txt:,-8.921,,Compound,77.pdbqt_log.log.txt:,-8.915
Compound,37.pdbqt_log.txt:,-8.92,,Compound,437.pdbqt_log.log.txt:,-8.897
Compound,322.pdbqt_log.txt:,-8.913,,Compound,170.pdbqt_log.log.txt:,-8.897
Acacetin.pdbqt_log.txt:,,-8.904,,Compound,408.pdbqt_log.log.txt:,-8.891
Compound,75.pdbqt_log.txt:,-8.901,,Compound,494.pdbqt_log.log.txt:,-8.886
Compound,551.pdbqt_log.txt:,-8.874,,Compound,377.pdbqt_log.log.txt:,-8.884
Compound,216.pdbqt_log.txt:,-8.871,,Compound,393.pdbqt_log.log.txt:,-8.881
Compound,131.pdbqt_log.txt:,-8.864,,Compound,504.pdbqt_log.log.txt:,-8.874
Compound,98.pdbqt_log.txt:,-8.856,,Compound,289.pdbqt_log.log.txt:,-8.871
Compound,252.pdbqt_log.txt:,-8.855,,Pinobanksin.pdbqt_log.log.txt:,,-8.86
Compound,310.pdbqt_log.txt:,-8.843,,Compound,151.pdbqt_log.log.txt:,-8.859
Compound,21.pdbqt_log.txt:,-8.838,,Compound,2.pdbqt_log.log.txt:,-8.856
Compound,27.pdbqt_log.txt:,-8.825,,Compound,129.pdbqt_log.log.txt:,-8.853
Compound,116.pdbqt_log.txt:,-8.821,,Compound,211.pdbqt_log.log.txt:,-8.853
Compound,222.pdbqt_log.txt:,-8.82,,Formononetin.pdbqt_log.log.txt:,,-8.85
Compound,8.pdbqt_log.txt:,-8.815,,Compound,227.pdbqt_log.log.txt:,-8.849
Compound,289.pdbqt_log.txt:,-8.813,,Compound,500.pdbqt_log.log.txt:,-8.845
Compound,195.pdbqt_log.txt:,-8.807,,Acacetin.pdbqt_log.log.txt:,,-8.836
Compound,308.pdbqt_log.txt:,-8.806,,Compound,492.pdbqt_log.log.txt:,-8.82
Compound,519.pdbqt_log.txt:,-8.804,,Compound,54.pdbqt_log.log.txt:,-8.816
Compound,530.pdbqt_log.txt:,-8.798,,Compound,88.pdbqt_log.log.txt:,-8.795
Compound,88.pdbqt_log.txt:,-8.793,,Compound,95.pdbqt_log.log.txt:,-8.793
Compound,454.pdbqt_log.txt:,-8.793,,Compound,303.pdbqt_log.log.txt:,-8.787
Compound,325.pdbqt_log.txt:,-8.792,,Compound,182.pdbqt_log.log.txt:,-8.782
Compound,445.pdbqt_log.txt:,-8.79,,Compound,487.pdbqt_log.log.txt:,-8.774
Compound,500.pdbqt_log.txt:,-8.787,,Compound,106.pdbqt_log.log.txt:,-8.768
Compound,124.pdbqt_log.txt:,-8.787,,Compound,470.pdbqt_log.log.txt:,-8.761
Compound,135.pdbqt_log.txt:,-8.786,,Compound,365.pdbqt_log.log.txt:,-8.759
Compound,3.pdbqt_log.txt:,-8.77,,Compound,103.pdbqt_log.log.txt:,-8.759
Compound,377.pdbqt_log.txt:,-8.769,,Compound,501.pdbqt_log.log.txt:,-8.75
Compound,65.pdbqt_log.txt:,-8.767,,Compound,32.pdbqt_log.log.txt:,-8.741
Compound,190.pdbqt_log.txt:,-8.767,,Compound,46.pdbqt_log.log.txt:,-8.737
Compound,24.pdbqt_log.txt:,-8.766,,Compound,394.pdbqt_log.log.txt:,-8.726
Compound,142.pdbqt_log.txt:,-8.765,,Compound,116.pdbqt_log.log.txt:,-8.719
Compound,151.pdbqt_log.txt:,-8.764,,Compound,78.pdbqt_log.log.txt:,-8.701
Compound,449.pdbqt_log.txt:,-8.763,,Compound,21.pdbqt_log.log.txt:,-8.666
Compound,520.pdbqt_log.txt:,-8.762,,Compound,79.pdbqt_log.log.txt:,-8.652
Compound,194.pdbqt_log.txt:,-8.76,,Compound,550.pdbqt_log.log.txt:,-8.592
Compound,365.pdbqt_log.txt:,-8.754,,Compound,198.pdbqt_log.log.txt:,-8.584
Compound,43.pdbqt_log.txt:,-8.752,,Compound,364.pdbqt_log.log.txt:,-8.583
Compound,278.pdbqt_log.txt:,-8.749,,Compound,89.pdbqt_log.log.txt:,-8.579
Compound,301.pdbqt_log.txt:,-8.747,,Compound,27.pdbqt_log.log.txt:,-8.571
Compound,219.pdbqt_log.txt:,-8.743,,Compound,314.pdbqt_log.log.txt:,-8.566
Compound,401.pdbqt_log.txt:,-8.742,,Compound,136.pdbqt_log.log.txt:,-8.551
Compound,147.pdbqt_log.txt:,-8.733,,Compound,451.pdbqt_log.log.txt:,-8.545
Compound,199.pdbqt_log.txt:,-8.733,,Compound,283.pdbqt_log.log.txt:,-8.536
Compound,403.pdbqt_log.txt:,-8.733,,Compound,119.pdbqt_log.log.txt:,-8.531
Formononetin.pdbqt_log.txt:,,-8.721,,Compound,69.pdbqt_log.log.txt:,-8.531
Compound,64.pdbqt_log.txt:,-8.708,,Compound,34.pdbqt_log.log.txt:,-8.523
Compound,266.pdbqt_log.txt:,-8.706,,Compound,335.pdbqt_log.log.txt:,-8.514
Compound,518.pdbqt_log.txt:,-8.701,,Compound,224.pdbqt_log.log.txt:,-8.513
Compound,32.pdbqt_log.txt:,-8.688,,Compound,407.pdbqt_log.log.txt:,-8.509
Compound,170.pdbqt_log.txt:,-8.67,,Compound,513.pdbqt_log.log.txt:,-8.508
Compound,23.pdbqt_log.txt:,-8.669,,Compound,334.pdbqt_log.log.txt:,-8.508
Compound,464.pdbqt_log.txt:,-8.668,,Compound,26.pdbqt_log.log.txt:,-8.486
Compound,501.pdbqt_log.txt:,-8.663,,Compound,41.pdbqt_log.log.txt:,-8.485
Compound,79.pdbqt_log.txt:,-8.653,,Compound,306.pdbqt_log.log.txt:,-8.478
Compound,93.pdbqt_log.txt:,-8.637,,Compound,98.pdbqt_log.log.txt:,-8.46
Compound,211.pdbqt_log.txt:,-8.628,,Compound,121.pdbqt_log.log.txt:,-8.456
Compound,224.pdbqt_log.txt:,-8.609,,Compound,81.pdbqt_log.log.txt:,-8.452
Compound,492.pdbqt_log.txt:,-8.606,,Compound,101.pdbqt_log.log.txt:,-8.441
Compound,263.pdbqt_log.txt:,-8.604,,Compound,24.pdbqt_log.log.txt:,-8.436
Compound,62.pdbqt_log.txt:,-8.6,,Compound,287.pdbqt_log.log.txt:,-8.42
Compound,494.pdbqt_log.txt:,-8.594,,Compound,232.pdbqt_log.log.txt:,-8.408
Compound,375.pdbqt_log.txt:,-8.591,,Compound,175.pdbqt_log.log.txt:,-8.39
Compound,311.pdbqt_log.txt:,-8.59,,Compound,403.pdbqt_log.log.txt:,-8.357
Compound,149.pdbqt_log.txt:,-8.574,,Compound,495.pdbqt_log.log.txt:,-8.35
Compound,60.pdbqt_log.txt:,-8.572,,Compound,70.pdbqt_log.log.txt:,-8.334
Compound,18.pdbqt_log.txt:,-8.571,,Compound,134.pdbqt_log.log.txt:,-8.313
Compound,418.pdbqt_log.txt:,-8.565,,Compound,426.pdbqt_log.log.txt:,-8.31
Compound,4.pdbqt_log.txt:,-8.561,,Compound,416.pdbqt_log.log.txt:,-8.3
Compound,209.pdbqt_log.txt:,-8.559,,Compound,147.pdbqt_log.log.txt:,-8.297
Compound,189.pdbqt_log.txt:,-8.552,,Compound,38.pdbqt_log.log.txt:,-8.292
Compound,379.pdbqt_log.txt:,-8.547,,Compound,213.pdbqt_log.log.txt:,-8.285
Compound,78.pdbqt_log.txt:,-8.539,,Compound,91.pdbqt_log.log.txt:,-8.285
Compound,115.pdbqt_log.txt:,-8.535,,Compound,218.pdbqt_log.log.txt:,-8.284
Compound,25.pdbqt_log.txt:,-8.531,,Compound,131.pdbqt_log.log.txt:,-8.277
Compound,487.pdbqt_log.txt:,-8.53,,Compound,444.pdbqt_log.log.txt:,-8.269
Compound,41.pdbqt_log.txt:,-8.518,,Compound,149.pdbqt_log.log.txt:,-8.269
Compound,456.pdbqt_log.txt:,-8.513,,Compound,177.pdbqt_log.log.txt:,-8.268
Compound,157.pdbqt_log.txt:,-8.504,,Compound,382.pdbqt_log.log.txt:,-8.267
Compound,430.pdbqt_log.txt:,-8.499,,Compound,10.pdbqt_log.log.txt:,-8.264
Compound,302.pdbqt_log.txt:,-8.499,,Compound,180.pdbqt_log.log.txt:,-8.238
Compound,6.pdbqt_log.txt:,-8.493,,Compound,410.pdbqt_log.log.txt:,-8.236
Compound,136.pdbqt_log.txt:,-8.491,,Compound,497.pdbqt_log.log.txt:,-8.232
Compound,443.pdbqt_log.txt:,-8.483,,Compound,456.pdbqt_log.log.txt:,-8.212
Compound,89.pdbqt_log.txt:,-8.48,,Compound,428.pdbqt_log.log.txt:,-8.204
Compound,393.pdbqt_log.txt:,-8.472,,Compound,64.pdbqt_log.log.txt:,-8.196
Compound,338.pdbqt_log.txt:,-8.472,,Compound,188.pdbqt_log.log.txt:,-8.195
Compound,451.pdbqt_log.txt:,-8.465,,Compound,552.pdbqt_log.log.txt:,-8.182
Compound,358.pdbqt_log.txt:,-8.464,,Compound,367.pdbqt_log.log.txt:,-8.173
Compound,81.pdbqt_log.txt:,-8.462,,Compound,434.pdbqt_log.log.txt:,-8.171
Compound,306.pdbqt_log.txt:,-8.452,,Compound,115.pdbqt_log.log.txt:,-8.156
Compound,48.pdbqt_log.txt:,-8.449,,Compound,465.pdbqt_log.log.txt:,-8.147
Compound,504.pdbqt_log.txt:,-8.439,,Compound,458.pdbqt_log.log.txt:,-8.144
Compound,517.pdbqt_log.txt:,-8.432,,Compound,508.pdbqt_log.log.txt:,-8.124
Compound,51.pdbqt_log.txt:,-8.427,,Compound,137.pdbqt_log.log.txt:,-8.109
Compound,180.pdbqt_log.txt:,-8.422,,Compound,397.pdbqt_log.log.txt:,-8.104
Compound,508.pdbqt_log.txt:,-8.422,,Compound,241.pdbqt_log.log.txt:,-8.103
Compound,49.pdbqt_log.txt:,-8.403,,Compound,185.pdbqt_log.log.txt:,-8.092
Compound,91.pdbqt_log.txt:,-8.398,,Compound,551.pdbqt_log.log.txt:,-8.064
Compound,550.pdbqt_log.txt:,-8.388,,Compound,348.pdbqt_log.log.txt:,-8.049
Compound,363.pdbqt_log.txt:,-8.385,,Compound,286.pdbqt_log.log.txt:,-8.045
Compound,281.pdbqt_log.txt:,-8.375,,Compound,327.pdbqt_log.log.txt:,-8.028
Compound,232.pdbqt_log.txt:,-8.369,,Compound,371.pdbqt_log.log.txt:,-8.012
Compound,428.pdbqt_log.txt:,-8.36,,Compound,263.pdbqt_log.log.txt:,-8.009
Compound,525.pdbqt_log.txt:,-8.355,,Compound,351.pdbqt_log.log.txt:,-7.997
Compound,495.pdbqt_log.txt:,-8.355,,Compound,193.pdbqt_log.log.txt:,-7.988
Compound,129.pdbqt_log.txt:,-8.345,,Compound,554.pdbqt_log.log.txt:,-7.977
Compound,303.pdbqt_log.txt:,-8.334,,Compound,273.pdbqt_log.log.txt:,-7.973
Compound,286.pdbqt_log.txt:,-8.331,,Compound,486.pdbqt_log.log.txt:,-7.97
Compound,227.pdbqt_log.txt:,-8.33,,Compound,30.pdbqt_log.log.txt:,-7.961
Compound,435.pdbqt_log.txt:,-8.329,,Compound,322.pdbqt_log.log.txt:,-7.96
Compound,548.pdbqt_log.txt:,-8.319,,Compound,516.pdbqt_log.log.txt:,-7.958
Compound,353.pdbqt_log.txt:,-8.307,,Compound,326.pdbqt_log.log.txt:,-7.934
Compound,26.pdbqt_log.txt:,-8.304,,Compound,276.pdbqt_log.log.txt:,-7.928
Compound,553.pdbqt_log.txt:,-8.303,,Compound,369.pdbqt_log.log.txt:,-7.924
Compound,188.pdbqt_log.txt:,-8.302,,Compound,86.pdbqt_log.log.txt:,-7.923
Compound,478.pdbqt_log.txt:,-8.299,,Compound,44.pdbqt_log.log.txt:,-7.909
Compound,70.pdbqt_log.txt:,-8.294,,Compound,417.pdbqt_log.log.txt:,-7.908
Compound,381.pdbqt_log.txt:,-8.282,,Compound,485.pdbqt_log.log.txt:,-7.908
Compound,371.pdbqt_log.txt:,-8.269,,Compound,189.pdbqt_log.log.txt:,-7.895
Compound,513.pdbqt_log.txt:,-8.268,,Compound,539.pdbqt_log.log.txt:,-7.884
Compound,314.pdbqt_log.txt:,-8.26,,Compound,375.pdbqt_log.log.txt:,-7.884
Compound,432.pdbqt_log.txt:,-8.259,,Compound,310.pdbqt_log.log.txt:,-7.879
Compound,165.pdbqt_log.txt:,-8.241,,Compound,8.pdbqt_log.log.txt:,-7.867
Compound,182.pdbqt_log.txt:,-8.233,,Compound,469.pdbqt_log.log.txt:,-7.859
Compound,185.pdbqt_log.txt:,-8.227,,Compound,35.pdbqt_log.log.txt:,-7.858
Compound,177.pdbqt_log.txt:,-8.226,,Compound,67.pdbqt_log.log.txt:,-7.855
Compound,485.pdbqt_log.txt:,-8.223,,Compound,553.pdbqt_log.log.txt:,-7.843
Compound,484.pdbqt_log.txt:,-8.219,,Compound,398.pdbqt_log.log.txt:,-7.84
Compound,101.pdbqt_log.txt:,-8.211,,Compound,430.pdbqt_log.log.txt:,-7.837
Compound,499.pdbqt_log.txt:,-8.208,,Compound,421.pdbqt_log.log.txt:,-7.834
Compound,67.pdbqt_log.txt:,-8.206,,Compound,281.pdbqt_log.log.txt:,-7.826
Compound,73.pdbqt_log.txt:,-8.195,,Compound,378.pdbqt_log.log.txt:,-7.826
Compound,95.pdbqt_log.txt:,-8.193,,Compound,442.pdbqt_log.log.txt:,-7.822
Compound,134.pdbqt_log.txt:,-8.17,,Compound,96.pdbqt_log.log.txt:,-7.806
Compound,447.pdbqt_log.txt:,-8.163,,Compound,14.pdbqt_log.log.txt:,-7.804
Compound,283.pdbqt_log.txt:,-8.162,,Compound,172.pdbqt_log.log.txt:,-7.798
Compound,397.pdbqt_log.txt:,-8.161,,Compound,459.pdbqt_log.log.txt:,-7.796
Compound,382.pdbqt_log.txt:,-8.16,,Compound,341.pdbqt_log.log.txt:,-7.791
Arzanol.pdbqt_log.txt:,,-8.127,,Compound,109.pdbqt_log.log.txt:,-7.79
Compound,152.pdbqt_log.txt:,-8.121,,Compound,435.pdbqt_log.log.txt:,-7.789
Compound,462.pdbqt_log.txt:,-8.121,,Compound,65.pdbqt_log.log.txt:,-7.788
Compound,271.pdbqt_log.txt:,-8.118,,Compound,409.pdbqt_log.log.txt:,-7.783
Compound,317.pdbqt_log.txt:,-8.117,,Compound,20.pdbqt_log.log.txt:,-7.767
Compound,276.pdbqt_log.txt:,-8.116,,Compound,15.pdbqt_log.log.txt:,-7.751
Compound,183.pdbqt_log.txt:,-8.115,,Compound,238.pdbqt_log.log.txt:,-7.748
Arnicolide,C.pdbqt_log.txt:,-8.113,,Compound,203.pdbqt_log.log.txt:,-7.737
Compound,491.pdbqt_log.txt:,-8.103,,Compound,443.pdbqt_log.log.txt:,-7.73
Compound,497.pdbqt_log.txt:,-8.1,,Compound,186.pdbqt_log.log.txt:,-7.718
Compound,175.pdbqt_log.txt:,-8.093,,Compound,450.pdbqt_log.log.txt:,-7.714
Compound,444.pdbqt_log.txt:,-8.085,,Compound,16.pdbqt_log.log.txt:,-7.709
Compound,111.pdbqt_log.txt:,-8.077,,Compound,381.pdbqt_log.log.txt:,-7.698
Compound,249.pdbqt_log.txt:,-8.07,,Compound,425.pdbqt_log.log.txt:,-7.689
Compound,355.pdbqt_log.txt:,-8.065,,Compound,99.pdbqt_log.log.txt:,-7.684
Compound,316.pdbqt_log.txt:,-8.054,,Compound,222.pdbqt_log.log.txt:,-7.684
Compound,45.pdbqt_log.txt:,-8.053,,Compound,385.pdbqt_log.log.txt:,-7.682
Compound,172.pdbqt_log.txt:,-8.051,,Compound,209.pdbqt_log.log.txt:,-7.679
Compound,122.pdbqt_log.txt:,-8.043,,Compound,350.pdbqt_log.log.txt:,-7.674
Compound,388.pdbqt_log.txt:,-8.035,,Compound,251.pdbqt_log.log.txt:,-7.674
Compound,203.pdbqt_log.txt:,-8.03,,Compound,499.pdbqt_log.log.txt:,-7.673
Compound,197.pdbqt_log.txt:,-8.013,,Compound,144.pdbqt_log.log.txt:,-7.668
Compound,99.pdbqt_log.txt:,-8.005,,Compound,462.pdbqt_log.log.txt:,-7.666
Compound,10.pdbqt_log.txt:,-7.977,,Compound,253.pdbqt_log.log.txt:,-7.663
Compound,348.pdbqt_log.txt:,-7.961,,Compound,329.pdbqt_log.log.txt:,-7.658
Compound,17.pdbqt_log.txt:,-7.954,,Compound,293.pdbqt_log.log.txt:,-7.657
Compound,234.pdbqt_log.txt:,-7.948,,Compound,60.pdbqt_log.log.txt:,-7.647
Compound,434.pdbqt_log.txt:,-7.947,,Compound,446.pdbqt_log.log.txt:,-7.627
Compound,253.pdbqt_log.txt:,-7.946,,Compound,363.pdbqt_log.log.txt:,-7.624
Compound,2.pdbqt_log.txt:,-7.941,,Compound,448.pdbqt_log.log.txt:,-7.622
Compound,213.pdbqt_log.txt:,-7.94,,Compound,262.pdbqt_log.log.txt:,-7.598
Compound,193.pdbqt_log.txt:,-7.913,,Compound,524.pdbqt_log.log.txt:,-7.594
Compound,351.pdbqt_log.txt:,-7.908,,Marrubiin.pdbqt_log.log.txt:,,-7.589
Compound,262.pdbqt_log.txt:,-7.899,,Compound,480.pdbqt_log.log.txt:,-7.58
Compound,320.pdbqt_log.txt:,-7.894,,Compound,301.pdbqt_log.log.txt:,-7.573
Compound,524.pdbqt_log.txt:,-7.893,,Compound,59.pdbqt_log.log.txt:,-7.569
Compound,330.pdbqt_log.txt:,-7.89,,Compound,194.pdbqt_log.log.txt:,-7.564
Compound,469.pdbqt_log.txt:,-7.889,,Compound,457.pdbqt_log.log.txt:,-7.562
Compound,433.pdbqt_log.txt:,-7.878,,Compound,518.pdbqt_log.log.txt:,-7.556
Compound,378.pdbqt_log.txt:,-7.863,,Compound,217.pdbqt_log.log.txt:,-7.554
Compound,552.pdbqt_log.txt:,-7.854,,Compound,100.pdbqt_log.log.txt:,-7.542
Compound,238.pdbqt_log.txt:,-7.847,,Compound,361.pdbqt_log.log.txt:,-7.54
Compound,52.pdbqt_log.txt:,-7.839,,Compound,380.pdbqt_log.log.txt:,-7.538
Compound,300.pdbqt_log.txt:,-7.828,,Compound,454.pdbqt_log.log.txt:,-7.537
Compound,126.pdbqt_log.txt:,-7.825,,Compound,424.pdbqt_log.log.txt:,-7.532
Compound,119.pdbqt_log.txt:,-7.824,,Compound,73.pdbqt_log.log.txt:,-7.532
Compound,233.pdbqt_log.txt:,-7.82,,Compound,157.pdbqt_log.log.txt:,-7.529
Compound,247.pdbqt_log.txt:,-7.813,,Compound,171.pdbqt_log.log.txt:,-7.524
Compound,359.pdbqt_log.txt:,-7.808,,Compound,19.pdbqt_log.log.txt:,-7.523
Marrubiin.pdbqt_log.txt:,,-7.804,,Compound,191.pdbqt_log.log.txt:,-7.523
Compound,540.pdbqt_log.txt:,-7.798,,Compound,215.pdbqt_log.log.txt:,-7.523
Compound,376.pdbqt_log.txt:,-7.795,,Compound,71.pdbqt_log.log.txt:,-7.521
Compound,339.pdbqt_log.txt:,-7.773,,Compound,431.pdbqt_log.log.txt:,-7.511
Compound,251.pdbqt_log.txt:,-7.773,,Compound,468.pdbqt_log.log.txt:,-7.498
Compound,383.pdbqt_log.txt:,-7.771,,Compound,141.pdbqt_log.log.txt:,-7.496
Compound,171.pdbqt_log.txt:,-7.769,,Compound,143.pdbqt_log.log.txt:,-7.491
Compound,277.pdbqt_log.txt:,-7.756,,Compound,388.pdbqt_log.log.txt:,-7.488
Compound,118.pdbqt_log.txt:,-7.744,,Compound,384.pdbqt_log.log.txt:,-7.472
Compound,273.pdbqt_log.txt:,-7.73,,Compound,429.pdbqt_log.log.txt:,-7.461
Compound,237.pdbqt_log.txt:,-7.729,,Compound,292.pdbqt_log.log.txt:,-7.456
Compound,137.pdbqt_log.txt:,-7.72,,Compound,214.pdbqt_log.log.txt:,-7.446
Compound,264.pdbqt_log.txt:,-7.712,,Compound,432.pdbqt_log.log.txt:,-7.434
Compound,28.pdbqt_log.txt:,-7.701,,Compound,490.pdbqt_log.log.txt:,-7.433
Compound,425.pdbqt_log.txt:,-7.697,,Compound,4.pdbqt_log.log.txt:,-7.432
Compound,35.pdbqt_log.txt:,-7.695,,Compound,184.pdbqt_log.log.txt:,-7.431
Compound,450.pdbqt_log.txt:,-7.683,,Compound,250.pdbqt_log.log.txt:,-7.425
Compound,240.pdbqt_log.txt:,-7.662,,Compound,449.pdbqt_log.log.txt:,-7.424
Compound,241.pdbqt_log.txt:,-7.653,,Compound,352.pdbqt_log.log.txt:,-7.423
Compound,554.pdbqt_log.txt:,-7.651,,Arnicolide,C.pdbqt_log.log.txt:,-7.422
Compound,506.pdbqt_log.txt:,-7.651,,Compound,264.pdbqt_log.log.txt:,-7.411
Compound,143.pdbqt_log.txt:,-7.65,,Compound,112.pdbqt_log.log.txt:,-7.404
Compound,468.pdbqt_log.txt:,-7.644,,Compound,392.pdbqt_log.log.txt:,-7.399
Compound,505.pdbqt_log.txt:,-7.635,,Compound,353.pdbqt_log.log.txt:,-7.399
Compound,86.pdbqt_log.txt:,-7.63,,Compound,355.pdbqt_log.log.txt:,-7.391
Compound,334.pdbqt_log.txt:,-7.624,,Compound,383.pdbqt_log.log.txt:,-7.387
Compound,326.pdbqt_log.txt:,-7.607,,Compound,52.pdbqt_log.log.txt:,-7.381
Compound,446.pdbqt_log.txt:,-7.593,,Compound,354.pdbqt_log.log.txt:,-7.375
Compound,15.pdbqt_log.txt:,-7.586,,Compound,401.pdbqt_log.log.txt:,-7.375
Compound,470.pdbqt_log.txt:,-7.576,,Compound,461.pdbqt_log.log.txt:,-7.368
Compound,250.pdbqt_log.txt:,-7.557,,Compound,268.pdbqt_log.log.txt:,-7.357
Compound,225.pdbqt_log.txt:,-7.556,,Compound,466.pdbqt_log.log.txt:,-7.336
Compound,341.pdbqt_log.txt:,-7.553,,Compound,150.pdbqt_log.log.txt:,-7.322
Compound,221.pdbqt_log.txt:,-7.552,,Compound,395.pdbqt_log.log.txt:,-7.321
Compound,534.pdbqt_log.txt:,-7.538,,Compound,233.pdbqt_log.log.txt:,-7.315
Compound,477.pdbqt_log.txt:,-7.536,,Compound,343.pdbqt_log.log.txt:,-7.311
Compound,448.pdbqt_log.txt:,-7.514,,Compound,266.pdbqt_log.log.txt:,-7.31
Compound,16.pdbqt_log.txt:,-7.51,,Compound,216.pdbqt_log.log.txt:,-7.309
Compound,191.pdbqt_log.txt:,-7.504,,Compound,229.pdbqt_log.log.txt:,-7.301
Compound,156.pdbqt_log.txt:,-7.497,,Compound,239.pdbqt_log.log.txt:,-7.294
Compound,475.pdbqt_log.txt:,-7.495,,Compound,152.pdbqt_log.log.txt:,-7.288
Compound,343.pdbqt_log.txt:,-7.487,,Compound,245.pdbqt_log.log.txt:,-7.284
Compound,395.pdbqt_log.txt:,-7.485,,Compound,345.pdbqt_log.log.txt:,-7.284
Compound,265.pdbqt_log.txt:,-7.482,,Compound,507.pdbqt_log.log.txt:,-7.282
Compound,385.pdbqt_log.txt:,-7.477,,Compound,173.pdbqt_log.log.txt:,-7.281
Compound,429.pdbqt_log.txt:,-7.477,,Compound,240.pdbqt_log.log.txt:,-7.281
Compound,431.pdbqt_log.txt:,-7.474,,Compound,483.pdbqt_log.log.txt:,-7.279
Compound,331.pdbqt_log.txt:,-7.469,,Compound,439.pdbqt_log.log.txt:,-7.279
Compound,424.pdbqt_log.txt:,-7.462,,Compound,505.pdbqt_log.log.txt:,-7.278
Acetylvalerenolic,acid.pdbqt_log.txt:,-7.46,,Compound,478.pdbqt_log.log.txt:,-7.275
Compound,324.pdbqt_log.txt:,-7.458,,Compound,284.pdbqt_log.log.txt:,-7.267
Compound,150.pdbqt_log.txt:,-7.452,,Compound,62.pdbqt_log.log.txt:,-7.261
Compound,327.pdbqt_log.txt:,-7.448,,Compound,22.pdbqt_log.log.txt:,-7.253
Compound,455.pdbqt_log.txt:,-7.442,,Compound,358.pdbqt_log.log.txt:,-7.25
Compound,144.pdbqt_log.txt:,-7.429,,Compound,123.pdbqt_log.log.txt:,-7.247
Compound,350.pdbqt_log.txt:,-7.421,,Compound,521.pdbqt_log.log.txt:,-7.242
Compound,121.pdbqt_log.txt:,-7.413,,Compound,471.pdbqt_log.log.txt:,-7.22
Compound,335.pdbqt_log.txt:,-7.409,,Compound,291.pdbqt_log.log.txt:,-7.214
Compound,467.pdbqt_log.txt:,-7.395,,Compound,80.pdbqt_log.log.txt:,-7.211
Compound,82.pdbqt_log.txt:,-7.389,,Compound,155.pdbqt_log.log.txt:,-7.208
Compound,198.pdbqt_log.txt:,-7.384,,Compound,45.pdbqt_log.log.txt:,-7.175
Compound,22.pdbqt_log.txt:,-7.384,,Compound,93.pdbqt_log.log.txt:,-7.172
Compound,488.pdbqt_log.txt:,-7.38,,Compound,57.pdbqt_log.log.txt:,-7.165
Compound,417.pdbqt_log.txt:,-7.379,,Compound,453.pdbqt_log.log.txt:,-7.161
Compound,30.pdbqt_log.txt:,-7.35,,Compound,489.pdbqt_log.log.txt:,-7.16
Compound,521.pdbqt_log.txt:,-7.346,,Compound,206.pdbqt_log.log.txt:,-7.149
Compound,112.pdbqt_log.txt:,-7.342,,Compound,28.pdbqt_log.log.txt:,-7.142
Compound,392.pdbqt_log.txt:,-7.333,,Compound,316.pdbqt_log.log.txt:,-7.14
Compound,275.pdbqt_log.txt:,-7.325,,Compound,145.pdbqt_log.log.txt:,-7.135
Compound,186.pdbqt_log.txt:,-7.316,,Compound,534.pdbqt_log.log.txt:,-7.123
Compound,421.pdbqt_log.txt:,-7.314,,Compound,17.pdbqt_log.log.txt:,-7.123
Compound,458.pdbqt_log.txt:,-7.314,,Compound,275.pdbqt_log.log.txt:,-7.122
Compound,168.pdbqt_log.txt:,-7.312,,Arzanol.pdbqt_log.log.txt:,,-7.121
Compound,207.pdbqt_log.txt:,-7.302,,Compound,509.pdbqt_log.log.txt:,-7.1
Compound,364.pdbqt_log.txt:,-7.301,,Compound,346.pdbqt_log.log.txt:,-7.099
Compound,173.pdbqt_log.txt:,-7.298,,Compound,379.pdbqt_log.log.txt:,-7.092
Compound,384.pdbqt_log.txt:,-7.295,,Compound,190.pdbqt_log.log.txt:,-7.09
Compound,307.pdbqt_log.txt:,-7.29,,Compound,23.pdbqt_log.log.txt:,-7.077
Compound,243.pdbqt_log.txt:,-7.287,,Compound,390.pdbqt_log.log.txt:,-7.069
Matrine.pdbqt_log.txt:,,-7.268,,Compound,117.pdbqt_log.log.txt:,-7.069
Compound,292.pdbqt_log.txt:,-7.264,,Compound,49.pdbqt_log.log.txt:,-7.069
Compound,96.pdbqt_log.txt:,-7.26,,Compound,148.pdbqt_log.log.txt:,-7.049
Compound,296.pdbqt_log.txt:,-7.258,,Compound,111.pdbqt_log.log.txt:,-7.043
Compound,476.pdbqt_log.txt:,-7.257,,Compound,488.pdbqt_log.log.txt:,-7.043
Compound,514.pdbqt_log.txt:,-7.256,,Mosloflavon.pdbqt_log.log.txt:,,-7.039
Compound,68.pdbqt_log.txt:,-7.252,,Compound,160.pdbqt_log.log.txt:,-7.039
Compound,528.pdbqt_log.txt:,-7.247,,Compound,330.pdbqt_log.log.txt:,-7.025
Compound,465.pdbqt_log.txt:,-7.242,,Compound,455.pdbqt_log.log.txt:,-7.013
Compound,291.pdbqt_log.txt:,-7.234,,Compound,296.pdbqt_log.log.txt:,-7.01
Compound,145.pdbqt_log.txt:,-7.23,,Compound,40.pdbqt_log.log.txt:,-7.007
Compound,507.pdbqt_log.txt:,-7.228,,Compound,517.pdbqt_log.log.txt:,-7.004
Compound,19.pdbqt_log.txt:,-7.217,,Compound,538.pdbqt_log.log.txt:,-7.003
Compound,284.pdbqt_log.txt:,-7.206,,Compound,168.pdbqt_log.log.txt:,-6.999
Compound,461.pdbqt_log.txt:,-7.201,,Compound,166.pdbqt_log.log.txt:,-6.999
Compound,416.pdbqt_log.txt:,-7.186,,Compound,338.pdbqt_log.log.txt:,-6.991
Compound,340.pdbqt_log.txt:,-7.18,,Compound,270.pdbqt_log.log.txt:,-6.989
Compound,352.pdbqt_log.txt:,-7.171,,Compound,359.pdbqt_log.log.txt:,-6.982
Compound,380.pdbqt_log.txt:,-7.17,,Acetylvalerenolic,acid.pdbqt_log.log.txt:,-6.978
Compound,321.pdbqt_log.txt:,-7.168,,Compound,58.pdbqt_log.log.txt:,-6.977
Compound,31.pdbqt_log.txt:,-7.16,,Compound,526.pdbqt_log.log.txt:,-6.976
Compound,54.pdbqt_log.txt:,-7.152,,Compound,506.pdbqt_log.log.txt:,-6.971
Compound,269.pdbqt_log.txt:,-7.137,,Compound,126.pdbqt_log.log.txt:,-6.97
Compound,103.pdbqt_log.txt:,-7.12,,Compound,368.pdbqt_log.log.txt:,-6.959
Dechlorogriseofulvin.pdbqt_log.txt:,,-7.109,,Compound,187.pdbqt_log.log.txt:,-6.954
Compound,489.pdbqt_log.txt:,-7.106,,Compound,312.pdbqt_log.log.txt:,-6.946
Compound,38.pdbqt_log.txt:,-7.097,,Compound,445.pdbqt_log.log.txt:,-6.942
Compound,453.pdbqt_log.txt:,-7.094,,Compound,527.pdbqt_log.log.txt:,-6.941
Compound,333.pdbqt_log.txt:,-7.08,,Arctigenin.pdbqt_log.log.txt:,,-6.937
Compound,329.pdbqt_log.txt:,-7.079,,Compound,105.pdbqt_log.log.txt:,-6.931
Compound,390.pdbqt_log.txt:,-7.064,,Compound,207.pdbqt_log.log.txt:,-6.927
Compound,538.pdbqt_log.txt:,-7.064,,Compound,300.pdbqt_log.log.txt:,-6.927
Compound,176.pdbqt_log.txt:,-7.054,,Compound,356.pdbqt_log.log.txt:,-6.918
Compound,215.pdbqt_log.txt:,-7.053,,Compound,90.pdbqt_log.log.txt:,-6.908
Compound,127.pdbqt_log.txt:,-7.033,,Compound,55.pdbqt_log.log.txt:,-6.898
Compound,202.pdbqt_log.txt:,-7.03,,Compound,125.pdbqt_log.log.txt:,-6.893
Compound,510.pdbqt_log.txt:,-7.023,,Compound,124.pdbqt_log.log.txt:,-6.871
Compound,117.pdbqt_log.txt:,-7.019,,Compound,540.pdbqt_log.log.txt:,-6.868
Compound,471.pdbqt_log.txt:,-7.018,,Compound,25.pdbqt_log.log.txt:,-6.866
Compound,90.pdbqt_log.txt:,-7.017,,Compound,236.pdbqt_log.log.txt:,-6.865
Compound,206.pdbqt_log.txt:,-7.014,,Compound,537.pdbqt_log.log.txt:,-6.861
Compound,141.pdbqt_log.txt:,-7.011,,Compound,515.pdbqt_log.log.txt:,-6.859
Compound,312.pdbqt_log.txt:,-7.011,,Compound,321.pdbqt_log.log.txt:,-6.85
Compound,490.pdbqt_log.txt:,-7.01,,Compound,402.pdbqt_log.log.txt:,-6.845
Compound,313.pdbqt_log.txt:,-7.006,,Compound,164.pdbqt_log.log.txt:,-6.844
Compound,293.pdbqt_log.txt:,-7.004,,Matrine.pdbqt_log.log.txt:,,-6.843
Compound,212.pdbqt_log.txt:,-7.002,,Compound,474.pdbqt_log.log.txt:,-6.841
Compound,372.pdbqt_log.txt:,-6.985,,Compound,399.pdbqt_log.log.txt:,-6.841
Compound,402.pdbqt_log.txt:,-6.982,,Compound,418.pdbqt_log.log.txt:,-6.839
Compound,55.pdbqt_log.txt:,-6.976,,Compound,107.pdbqt_log.log.txt:,-6.834
Compound,546.pdbqt_log.txt:,-6.972,,Compound,475.pdbqt_log.log.txt:,-6.83
Compound,544.pdbqt_log.txt:,-6.97,,Compound,202.pdbqt_log.log.txt:,-6.822
Compound,44.pdbqt_log.txt:,-6.968,,Compound,261.pdbqt_log.log.txt:,-6.817
Compound,270.pdbqt_log.txt:,-6.961,,Compound,433.pdbqt_log.log.txt:,-6.814
Compound,245.pdbqt_log.txt:,-6.953,,Compound,274.pdbqt_log.log.txt:,-6.813
Compound,107.pdbqt_log.txt:,-6.948,,Compound,192.pdbqt_log.log.txt:,-6.813
Compound,515.pdbqt_log.txt:,-6.938,,Compound,510.pdbqt_log.log.txt:,-6.811
Compound,516.pdbqt_log.txt:,-6.936,,Compound,464.pdbqt_log.log.txt:,-6.811
Compound,527.pdbqt_log.txt:,-6.934,,Compound,477.pdbqt_log.log.txt:,-6.807
Compound,441.pdbqt_log.txt:,-6.929,,Compound,199.pdbqt_log.log.txt:,-6.803
Compound,522.pdbqt_log.txt:,-6.928,,N-Acetyltyramine.pdbqt_log.log.txt:,,-6.797
Compound,123.pdbqt_log.txt:,-6.926,,Compound,514.pdbqt_log.log.txt:,-6.794
Compound,346.pdbqt_log.txt:,-6.923,,Compound,76.pdbqt_log.log.txt:,-6.794
Compound,71.pdbqt_log.txt:,-6.921,,Compound,87.pdbqt_log.log.txt:,-6.792
Compound,349.pdbqt_log.txt:,-6.911,,Compound,313.pdbqt_log.log.txt:,-6.791
Compound,261.pdbqt_log.txt:,-6.909,,Compound,413.pdbqt_log.log.txt:,-6.789
Compound,153.pdbqt_log.txt:,-6.904,,Compound,546.pdbqt_log.log.txt:,-6.764
Compound,214.pdbqt_log.txt:,-6.896,,Compound,423.pdbqt_log.log.txt:,-6.76
Compound,399.pdbqt_log.txt:,-6.889,,Compound,237.pdbqt_log.log.txt:,-6.759
Compound,274.pdbqt_log.txt:,-6.871,,Compound,127.pdbqt_log.log.txt:,-6.758
Compound,411.pdbqt_log.txt:,-6.869,,Compound,304.pdbqt_log.log.txt:,-6.758
Compound,148.pdbqt_log.txt:,-6.863,,Compound,247.pdbqt_log.log.txt:,-6.758
Compound,356.pdbqt_log.txt:,-6.853,,Compound,255.pdbqt_log.log.txt:,-6.753
Compound,166.pdbqt_log.txt:,-6.839,,Compound,140.pdbqt_log.log.txt:,-6.752
Compound,537.pdbqt_log.txt:,-6.831,,Compound,230.pdbqt_log.log.txt:,-6.751
Compound,192.pdbqt_log.txt:,-6.829,,Compound,530.pdbqt_log.log.txt:,-6.739
Compound,267.pdbqt_log.txt:,-6.827,,Compound,225.pdbqt_log.log.txt:,-6.733
Compound,405.pdbqt_log.txt:,-6.826,,Compound,342.pdbqt_log.log.txt:,-6.729
Compound,76.pdbqt_log.txt:,-6.826,,Compound,405.pdbqt_log.log.txt:,-6.723
Compound,440.pdbqt_log.txt:,-6.825,,Compound,68.pdbqt_log.log.txt:,-6.721
Compound,56.pdbqt_log.txt:,-6.823,,Compound,544.pdbqt_log.log.txt:,-6.717
Compound,159.pdbqt_log.txt:,-6.82,,Compound,243.pdbqt_log.log.txt:,-6.714
Compound,20.pdbqt_log.txt:,-6.817,,Compound,161.pdbqt_log.log.txt:,-6.71
Compound,105.pdbqt_log.txt:,-6.817,,Compound,324.pdbqt_log.log.txt:,-6.704
Compound,549.pdbqt_log.txt:,-6.816,,Compound,128.pdbqt_log.log.txt:,-6.699
Compound,512.pdbqt_log.txt:,-6.815,,Compound,156.pdbqt_log.log.txt:,-6.698
Compound,523.pdbqt_log.txt:,-6.814,,Compound,246.pdbqt_log.log.txt:,-6.694
Compound,164.pdbqt_log.txt:,-6.8,,Compound,212.pdbqt_log.log.txt:,-6.68
Compound,100.pdbqt_log.txt:,-6.792,,Compound,460.pdbqt_log.log.txt:,-6.674
Compound,279.pdbqt_log.txt:,-6.783,,Compound,11.pdbqt_log.log.txt:,-6.672
Compound,459.pdbqt_log.txt:,-6.777,,Dechlorogriseofulvin.pdbqt_log.log.txt:,,-6.657
Compound,80.pdbqt_log.txt:,-6.754,,Compound,549.pdbqt_log.log.txt:,-6.656
Compound,29.pdbqt_log.txt:,-6.75,,Compound,333.pdbqt_log.log.txt:,-6.656
Compound,404.pdbqt_log.txt:,-6.734,,Compound,297.pdbqt_log.log.txt:,-6.651
Compound,473.pdbqt_log.txt:,-6.723,,Compound,265.pdbqt_log.log.txt:,-6.649
Compound,230.pdbqt_log.txt:,-6.697,,Compound,271.pdbqt_log.log.txt:,-6.646
Compound,423.pdbqt_log.txt:,-6.688,,Compound,493.pdbqt_log.log.txt:,-6.644
Compound,304.pdbqt_log.txt:,-6.685,,Compound,307.pdbqt_log.log.txt:,-6.644
Compound,125.pdbqt_log.txt:,-6.671,,Compound,12.pdbqt_log.log.txt:,-6.643
Compound,535.pdbqt_log.txt:,-6.669,,Compound,484.pdbqt_log.log.txt:,-6.64
Compound,442.pdbqt_log.txt:,-6.66,,Compound,269.pdbqt_log.log.txt:,-6.635
Compound,299.pdbqt_log.txt:,-6.653,,Compound,438.pdbqt_log.log.txt:,-6.63
Compound,110.pdbqt_log.txt:,-6.65,,Compound,320.pdbqt_log.log.txt:,-6.63
Compound,389.pdbqt_log.txt:,-6.649,,Compound,74.pdbqt_log.log.txt:,-6.623
Compound,457.pdbqt_log.txt:,-6.643,,Compound,522.pdbqt_log.log.txt:,-6.62
Compound,97.pdbqt_log.txt:,-6.625,,Compound,400.pdbqt_log.log.txt:,-6.614
Compound,14.pdbqt_log.txt:,-6.622,,Compound,362.pdbqt_log.log.txt:,-6.611
Compound,427.pdbqt_log.txt:,-6.619,,Compound,31.pdbqt_log.log.txt:,-6.606
Compound,196.pdbqt_log.txt:,-6.618,,Compound,318.pdbqt_log.log.txt:,-6.604
Compound,466.pdbqt_log.txt:,-6.614,,Compound,201.pdbqt_log.log.txt:,-6.596
Compound,40.pdbqt_log.txt:,-6.609,,Compound,340.pdbqt_log.log.txt:,-6.588
Compound,13.pdbqt_log.txt:,-6.604,,Compound,479.pdbqt_log.log.txt:,-6.583
Compound,140.pdbqt_log.txt:,-6.587,,Compound,315.pdbqt_log.log.txt:,-6.582
Compound,74.pdbqt_log.txt:,-6.571,,Compound,94.pdbqt_log.log.txt:,-6.577
Compound,526.pdbqt_log.txt:,-6.57,,Compound,543.pdbqt_log.log.txt:,-6.545
Compound,7.pdbqt_log.txt:,-6.564,,Compound,221.pdbqt_log.log.txt:,-6.542
Compound,354.pdbqt_log.txt:,-6.564,,Compound,97.pdbqt_log.log.txt:,-6.539
Compound,460.pdbqt_log.txt:,-6.561,,Compound,481.pdbqt_log.log.txt:,-6.537
Compound,361.pdbqt_log.txt:,-6.558,,Compound,411.pdbqt_log.log.txt:,-6.532
Compound,419.pdbqt_log.txt:,-6.536,,Compound,523.pdbqt_log.log.txt:,-6.511
Compound,50.pdbqt_log.txt:,-6.535,,Compound,159.pdbqt_log.log.txt:,-6.506
Compound,114.pdbqt_log.txt:,-6.532,,Compound,285.pdbqt_log.log.txt:,-6.497
Compound,368.pdbqt_log.txt:,-6.53,,Compound,72.pdbqt_log.log.txt:,-6.495
Compound,509.pdbqt_log.txt:,-6.512,,Compound,374.pdbqt_log.log.txt:,-6.486
Compound,229.pdbqt_log.txt:,-6.51,,Compound,176.pdbqt_log.log.txt:,-6.486
Compound,57.pdbqt_log.txt:,-6.509,,Compound,467.pdbqt_log.log.txt:,-6.482
Compound,315.pdbqt_log.txt:,-6.505,,Compound,113.pdbqt_log.log.txt:,-6.479
Compound,246.pdbqt_log.txt:,-6.489,,Compound,294.pdbqt_log.log.txt:,-6.477
Compound,439.pdbqt_log.txt:,-6.487,,Compound,376.pdbqt_log.log.txt:,-6.454
Compound,438.pdbqt_log.txt:,-6.484,,Compound,114.pdbqt_log.log.txt:,-6.446
Compound,543.pdbqt_log.txt:,-6.483,,Compound,205.pdbqt_log.log.txt:,-6.442
Compound,362.pdbqt_log.txt:,-6.468,,Compound,153.pdbqt_log.log.txt:,-6.429
Compound,239.pdbqt_log.txt:,-6.456,,Compound,249.pdbqt_log.log.txt:,-6.424
Compound,11.pdbqt_log.txt:,-6.442,,Compound,339.pdbqt_log.log.txt:,-6.423
Compound,205.pdbqt_log.txt:,-6.44,,Compound,404.pdbqt_log.log.txt:,-6.419
Compound,128.pdbqt_log.txt:,-6.434,,Compound,120.pdbqt_log.log.txt:,-6.415
Compound,235.pdbqt_log.txt:,-6.433,,Compound,183.pdbqt_log.log.txt:,-6.413
Compound,297.pdbqt_log.txt:,-6.38,,Compound,235.pdbqt_log.log.txt:,-6.408
Compound,201.pdbqt_log.txt:,-6.378,,Compound,389.pdbqt_log.log.txt:,-6.392
Compound,113.pdbqt_log.txt:,-6.376,,Compound,259.pdbqt_log.log.txt:,-6.376
Compound,167.pdbqt_log.txt:,-6.368,,Compound,165.pdbqt_log.log.txt:,-6.355
Compound,318.pdbqt_log.txt:,-6.365,,Compound,83.pdbqt_log.log.txt:,-6.346
Compound,479.pdbqt_log.txt:,-6.355,,Compound,427.pdbqt_log.log.txt:,-6.339
N-Acetyltyramine.pdbqt_log.txt:,,-6.354,,Compound,82.pdbqt_log.log.txt:,-6.339
Compound,481.pdbqt_log.txt:,-6.341,,Compound,50.pdbqt_log.log.txt:,-6.335
Compound,87.pdbqt_log.txt:,-6.295,,Compound,452.pdbqt_log.log.txt:,-6.329
Compound,12.pdbqt_log.txt:,-6.274,,Compound,267.pdbqt_log.log.txt:,-6.32
Compound,285.pdbqt_log.txt:,-6.266,,Compound,541.pdbqt_log.log.txt:,-6.304
Compound,452.pdbqt_log.txt:,-6.255,,Compound,349.pdbqt_log.log.txt:,-6.304
Compound,259.pdbqt_log.txt:,-6.224,,Compound,535.pdbqt_log.log.txt:,-6.298
Compound,256.pdbqt_log.txt:,-6.198,,Compound,56.pdbqt_log.log.txt:,-6.264
Compound,83.pdbqt_log.txt:,-6.189,,Compound,473.pdbqt_log.log.txt:,-6.244
Compound,242.pdbqt_log.txt:,-6.173,,Compound,279.pdbqt_log.log.txt:,-6.244
Compound,94.pdbqt_log.txt:,-6.167,,Compound,512.pdbqt_log.log.txt:,-6.207
Compound,474.pdbqt_log.txt:,-6.136,,Compound,7.pdbqt_log.log.txt:,-6.206
Compound,373.pdbqt_log.txt:,-6.085,,Compound,422.pdbqt_log.log.txt:,-6.202
Compound,72.pdbqt_log.txt:,-6.083,,Compound,196.pdbqt_log.log.txt:,-6.188
Compound,398.pdbqt_log.txt:,-6.079,,Compound,29.pdbqt_log.log.txt:,-6.13
Compound,120.pdbqt_log.txt:,-6.076,,Compound,197.pdbqt_log.log.txt:,-6.121
Compound,541.pdbqt_log.txt:,-6.068,,Compound,440.pdbqt_log.log.txt:,-6.12
Compound,9.pdbqt_log.txt:,-6.053,,Compound,317.pdbqt_log.log.txt:,-6.117
Compound,342.pdbqt_log.txt:,-6.047,,Compound,110.pdbqt_log.log.txt:,-6.108
Compound,231.pdbqt_log.txt:,-6.047,,Compound,256.pdbqt_log.log.txt:,-6.081
Compound,374.pdbqt_log.txt:,-6.029,,Compound,242.pdbqt_log.log.txt:,-6.08
Compound,66.pdbqt_log.txt:,-6.025,,Compound,373.pdbqt_log.log.txt:,-6.064
Compound,472.pdbqt_log.txt:,-5.966,,Compound,528.pdbqt_log.log.txt:,-6.057
Compound,161.pdbqt_log.txt:,-5.961,,Compound,9.pdbqt_log.log.txt:,-6.015
Compound,309.pdbqt_log.txt:,-5.9,,Compound,309.pdbqt_log.log.txt:,-5.95
Compound,539.pdbqt_log.txt:,-5.87,,Compound,13.pdbqt_log.log.txt:,-5.939
Compound,422.pdbqt_log.txt:,-5.851,,Compound,66.pdbqt_log.log.txt:,-5.937
Compound,480.pdbqt_log.txt:,-5.815,,Compound,419.pdbqt_log.log.txt:,-5.922
Compound,345.pdbqt_log.txt:,-5.793,,Compound,277.pdbqt_log.log.txt:,-5.917
Compound,248.pdbqt_log.txt:,-5.767,,Compound,231.pdbqt_log.log.txt:,-5.888
Compound,220.pdbqt_log.txt:,-5.677,,Compound,118.pdbqt_log.log.txt:,-5.883
Compound,413.pdbqt_log.txt:,-5.588,,Compound,248.pdbqt_log.log.txt:,-5.761
Compound,174.pdbqt_log.txt:,-5.528,,Compound,441.pdbqt_log.log.txt:,-5.758
Compound,47.pdbqt_log.txt:,-5.459,,Compound,63.pdbqt_log.log.txt:,-5.715
Compound,160.pdbqt_log.txt:,-5.452,,Compound,47.pdbqt_log.log.txt:,-5.503
Compound,294.pdbqt_log.txt:,-5.417,,Compound,344.pdbqt_log.log.txt:,-5.438
Compound,344.pdbqt_log.txt:,-5.408,,Compound,472.pdbqt_log.log.txt:,-5.426
Compound,63.pdbqt_log.txt:,-5.342,,Compound,167.pdbqt_log.log.txt:,-5.416
Compound,328.pdbqt_log.txt:,-4.827,,Compound,372.pdbqt_log.log.txt:,-5.216
Compound,282.pdbqt_log.txt:,-4.803,,Compound,174.pdbqt_log.log.txt:,-5.083
Compound,415.pdbqt_log.txt:,-4.748,,Compound,299.pdbqt_log.log.txt:,-5.056
Compound,36.pdbqt_log.txt:,-4.456,,Compound,415.pdbqt_log.log.txt:,-4.852
Compound,85.pdbqt_log.txt:,-4.404,,Compound,328.pdbqt_log.log.txt:,-4.837
Compound,204.pdbqt_log.txt:,-4.338,,Compound,220.pdbqt_log.log.txt:,-4.803
Compound,288.pdbqt_log.txt:,-3.823,,Compound,282.pdbqt_log.log.txt:,-4.769
Compound,84.pdbqt_log.txt:,-3.401,,Compound,204.pdbqt_log.log.txt:,-4.418
Compound,387.pdbqt_log.txt:,-13.36,,Compound,85.pdbqt_log.log.txt:,-4.378
Compound,533.pdbqt_log.txt:,-12.84,,Compound,36.pdbqt_log.log.txt:,-4.357
Compound,547.pdbqt_log.txt:,-10.77,,Compound,288.pdbqt_log.log.txt:,-3.958
Compound,109.pdbqt_log.txt:,-10.71,,Compound,84.pdbqt_log.log.txt:,-3.43
Compound,407.pdbqt_log.txt:,-10.71,,Compound,387.pdbqt_log.log.txt:,-13.81
Compound,394.pdbqt_log.txt:,-10.61,,Compound,533.pdbqt_log.log.txt:,-13.47
Compound,414.pdbqt_log.txt:,-10.48,,Compound,548.pdbqt_log.log.txt:,-11.51
Compound,406.pdbqt_log.txt:,-10.3,,Compound,139.pdbqt_log.log.txt:,-10.9
Compound,208.pdbqt_log.txt:,-10.28,,Compound,542.pdbqt_log.log.txt:,-10.18
Compound,305.pdbqt_log.txt:,-10.23,,Compound,547.pdbqt_log.log.txt:,-10.16
Compound,542.pdbqt_log.txt:,-10.11,,Compound,305.pdbqt_log.log.txt:,-10.11
Paulownin.pdbqt_log.txt:,,-10.1,,Compound,6.pdbqt_log.log.txt:,-10.1
